,Date,Open,High,Low,Close
1430,2020-12-14,2.76,2.8,2.66,2.67
1429,2020-12-11,2.85,2.855,2.62,2.74
1428,2020-12-10,2.93,2.99,2.78,2.87
1427,2020-12-09,2.74,3.02,2.71,2.93
1426,2020-12-08,2.8,2.8,2.68,2.7
1425,2020-12-07,2.98,2.98,2.72,2.74
1424,2020-12-04,2.96,2.98,2.91,2.98
1423,2020-12-03,2.93,2.98,2.85,2.94
1422,2020-12-02,2.84,2.93,2.76,2.89
1421,2020-12-01,2.94,3.04,2.8,2.83
1420,2020-11-30,2.94,3.01,2.76,2.92
1419,2020-11-27,2.93,3.06,2.905,2.95
1418,2020-11-25,2.93,2.99,2.82,2.89
1417,2020-11-24,2.9,3.0,2.78,2.93
1416,2020-11-23,2.8,2.9262,2.75,2.82
1415,2020-11-20,2.68,2.81,2.58,2.78
1414,2020-11-19,2.75,2.77,2.65,2.72
1413,2020-11-18,2.8,2.86,2.72,2.75
1412,2020-11-17,2.8,2.89,2.75,2.81
1411,2020-11-16,2.82,2.92,2.74,2.84
1410,2020-11-13,2.68,2.7832,2.645,2.73
1409,2020-11-12,2.66,2.71,2.58,2.65
1408,2020-11-11,2.85,2.88,2.63,2.68
1407,2020-11-10,2.73,2.96,2.69,2.82
1406,2020-11-09,2.57,2.8,2.57,2.69
1405,2020-11-06,2.74,2.74,2.55,2.55
1404,2020-11-05,2.63,2.74,2.555,2.71
1403,2020-11-04,2.5,2.74,2.44,2.67
1402,2020-11-03,2.59,2.64,2.4,2.5
1401,2020-11-02,2.51,2.59,2.41,2.53
1400,2020-10-30,2.41,2.5298,2.4,2.51
1399,2020-10-29,2.39,2.5,2.39,2.44
1398,2020-10-28,2.31,2.4795,2.28,2.41
1397,2020-10-27,2.38,2.41,2.3,2.36
1396,2020-10-26,2.24,2.39,2.2,2.38
1395,2020-10-23,2.27,2.29,2.19,2.25
1394,2020-10-22,2.19,2.3,2.16,2.26
1393,2020-10-21,2.31,2.34,2.15,2.155
1392,2020-10-20,2.51,2.575,2.27,2.33
1391,2020-10-19,2.38,2.525,2.34,2.5
1390,2020-10-16,2.33,2.42,2.2989,2.38
1389,2020-10-15,2.39,2.39,2.24,2.35
1388,2020-10-14,2.37,2.48,2.34,2.385
1387,2020-10-13,2.26,2.37,2.21,2.36
1386,2020-10-12,2.21,2.31,2.19,2.29
1385,2020-10-09,2.13,2.23,2.11,2.19
1384,2020-10-08,2.11,2.175,2.1,2.16
1383,2020-10-07,2.05,2.1,2.0,2.09
1382,2020-10-06,2.08,2.14,2.02,2.02
1381,2020-10-05,2.03,2.12,1.98,2.08
1380,2020-10-02,2.0,2.1,1.95,1.96
1379,2020-10-01,2.09,2.1,1.9933,2.07
1378,2020-09-30,2.03,2.15,2.0,2.07
1377,2020-09-29,2.15,2.15,2.01,2.06
1376,2020-09-28,2.0,2.17,1.96,2.14
1375,2020-09-25,2.02,2.12,1.96,1.96
1374,2020-09-24,2.1,2.12,1.97,2.03
1373,2020-09-23,2.26,2.27,2.08,2.1
1372,2020-09-22,2.37,2.37,2.21,2.24
1371,2020-09-21,2.84,2.8577,2.24,2.33
1370,2020-09-18,3.03,3.12,2.92,2.95
1369,2020-09-17,2.86,3.06,2.86,2.99
1368,2020-09-16,2.98,3.12,2.88,2.88
1367,2020-09-15,2.97,3.09,2.915,2.94
1366,2020-09-14,2.8,2.98,2.8,2.92
1365,2020-09-11,2.81,2.97,2.74,2.77
1364,2020-09-10,2.79,2.93,2.71,2.78
1363,2020-09-09,2.69,2.87,2.69,2.82
1362,2020-09-08,2.67,2.67,2.53,2.64
1361,2020-09-04,2.74,2.77,2.56,2.7
1360,2020-09-03,2.82,2.89,2.7,2.7
1359,2020-09-02,2.78,2.87,2.72,2.82
1358,2020-09-01,2.85,2.92,2.73,2.79
1357,2020-08-31,2.83,2.9011,2.73,2.86
1356,2020-08-28,2.88,2.88,2.77,2.86
1355,2020-08-27,2.96,2.96,2.805,2.88
1354,2020-08-26,2.95,2.975,2.86,2.93
1353,2020-08-25,2.94,3.0399,2.87,2.94
1352,2020-08-24,3.2,3.2,2.85,2.94
1351,2020-08-21,3.17,3.17,3.06,3.17
1350,2020-08-20,3.06,3.18,3.0501,3.165
1349,2020-08-19,3.14,3.2,3.04,3.09
1348,2020-08-18,3.1,3.185,3.07,3.11
1347,2020-08-17,3.06,3.11,3.0,3.1
1346,2020-08-14,3.1,3.105,3.01,3.05
1345,2020-08-13,3.29,3.3,3.06,3.11
1344,2020-08-12,3.24,3.451,3.131,3.24
1343,2020-08-11,2.83,3.31,2.8,3.16
1342,2020-08-10,2.88,2.91,2.65,2.79
1341,2020-08-07,2.77,2.77,2.67,2.7
1340,2020-08-06,2.84,2.84,2.72,2.76
1339,2020-08-05,2.82,2.87,2.69,2.85
1338,2020-08-04,2.69,2.83,2.66,2.76
1337,2020-08-03,2.59,2.75,2.59,2.71
1336,2020-07-31,2.78,2.78,2.56,2.57
1335,2020-07-30,2.64,2.8,2.6,2.76
1334,2020-07-29,2.87,2.87,2.6,2.68
1333,2020-07-28,2.78,2.905,2.76,2.86
1332,2020-07-27,2.95,3.0201,2.75,2.78
1331,2020-07-24,2.97,3.02,2.92,2.92
1330,2020-07-23,3.02,3.185,2.95,2.95
1329,2020-07-22,2.96,3.02,2.92,3.0
1328,2020-07-21,2.98,3.128,2.9,2.96
1327,2020-07-20,3.23,3.34,3.23,3.28
1326,2020-07-17,3.49,3.5,3.22,3.23
1325,2020-07-16,3.21,3.52,3.157,3.51
1324,2020-07-15,3.01,3.31,2.988,3.22
1323,2020-07-14,2.93,2.98,2.83,2.93
1322,2020-07-13,3.1,3.11,2.925,2.94
1321,2020-07-10,2.91,3.14,2.9,3.06
1320,2020-07-09,3.11,3.133,2.9,2.91
1319,2020-07-08,3.32,3.34,3.01,3.06
1318,2020-07-07,3.22,3.36,3.12,3.32
1317,2020-07-06,3.1,3.24,2.95,3.23
1316,2020-07-02,3.15,3.257,3.05,3.06
1315,2020-07-01,3.1,3.17,3.02,3.11
1314,2020-06-30,3.18,3.228,3.05,3.1
1313,2020-06-29,3.21,3.29,3.1,3.19
1312,2020-06-26,3.29,3.32,3.065,3.18
1311,2020-06-25,3.19,3.33,3.1774,3.29
1310,2020-06-24,3.25,3.38,3.16,3.22
1309,2020-06-23,3.4,3.49,3.22,3.27
1308,2020-06-22,3.26,3.37,3.13,3.37
1307,2020-06-19,3.33,3.33,3.13,3.29
1306,2020-06-18,3.02,3.32,3.01,3.3
1305,2020-06-17,3.23,3.28,2.95,3.02
1304,2020-06-16,3.1,3.22,3.03,3.21
1303,2020-06-15,2.93,3.1501,2.93,3.08
1302,2020-06-12,3.04,3.11,2.94,3.04
1301,2020-06-11,3.09,3.25,2.89,2.92
1300,2020-06-10,3.4,3.42,3.23,3.25
1299,2020-06-09,3.25,3.49,3.25,3.4
1298,2020-06-08,3.4,3.44,3.25,3.27
1297,2020-06-05,3.41,3.5,3.31,3.34
1296,2020-06-04,3.43,3.5,3.17,3.3
1295,2020-06-03,3.48,3.59,3.38,3.48
1294,2020-06-02,3.54,3.54,3.29,3.45
1293,2020-06-01,3.56,3.59,3.295,3.48
1292,2020-05-29,3.18,3.6389,3.15,3.6
1291,2020-05-28,3.46,3.53,3.19,3.22
1290,2020-05-27,3.34,3.42,3.12,3.4
1289,2020-05-26,3.19,3.33,3.065,3.3
1288,2020-05-22,3.15,3.15,3.02,3.07
1287,2020-05-21,3.08,3.18,2.99,3.12
1286,2020-05-20,2.89,3.086,2.83,3.05
1285,2020-05-19,2.96,3.01,2.79,2.81
1284,2020-05-18,2.86,3.03,2.7937,2.98
1283,2020-05-15,2.79,2.82,2.71,2.72
1282,2020-05-14,2.76,2.94,2.67,2.79
1281,2020-05-13,2.94,3.095,2.68,2.87
1280,2020-05-12,3.25,3.25,2.98,2.98
1279,2020-05-11,2.88,3.24,2.77,3.18
1278,2020-05-08,2.65,2.92,2.57,2.91
1277,2020-05-07,2.64,2.71,2.56,2.59
1276,2020-05-06,2.6,2.66,2.48,2.57
1275,2020-05-05,2.7,2.7,2.55,2.58
1274,2020-05-04,2.31,2.73,2.3,2.65
1273,2020-05-01,2.58,2.613,2.325,2.34
1272,2020-04-30,2.79,2.82,2.61,2.65
1271,2020-04-29,2.85,2.85,2.74,2.84
1270,2020-04-28,2.92,2.92,2.65,2.74
1269,2020-04-27,2.92,3.01,2.81,2.84
1268,2020-04-24,2.62,2.9801,2.62,2.84
1267,2020-04-23,2.57,2.7,2.525,2.62
1266,2020-04-22,2.68,2.69,2.45,2.54
1265,2020-04-21,2.61,2.66,2.51,2.62
1264,2020-04-20,2.68,2.97,2.62,2.67
1263,2020-04-17,2.85,2.85,2.61,2.69
1262,2020-04-16,2.61,2.79,2.53,2.77
1261,2020-04-15,2.64,2.65,2.55,2.58
1260,2020-04-14,2.75,2.75,2.61,2.7
1259,2020-04-13,2.51,2.69,2.43,2.65
1258,2020-04-09,2.41,2.6,2.35,2.53
1257,2020-04-08,2.56,2.61,2.31,2.39
1256,2020-04-07,2.5,2.73,2.43,2.58
1255,2020-04-06,2.2,2.46,2.15,2.44
1254,2020-04-03,2.12,2.2,2.02,2.09
1253,2020-04-02,2.11,2.18,1.94,2.12
1252,2020-04-01,2.18,2.31,2.05,2.06
1251,2020-03-31,2.09,2.3,2.0712,2.28
1250,2020-03-30,2.01,2.23,1.97,2.07
1249,2020-03-27,2.15,2.28,2.0,2.0
1248,2020-03-26,2.28,2.42,2.17,2.25
1247,2020-03-25,2.3,2.49,2.15,2.26
1246,2020-03-24,2.23,2.295,2.13,2.26
1245,2020-03-23,2.04,2.14,1.93,2.09
1244,2020-03-20,1.95,2.01,1.8,1.98
1243,2020-03-19,1.76,2.03,1.6601,1.93
1242,2020-03-18,1.91,2.04,1.66,1.76
1241,2020-03-17,2.0,2.07,1.77,2.02
1240,2020-03-16,1.75,2.1,1.7,1.96
1239,2020-03-13,1.89,2.2,1.7,2.16
1238,2020-03-12,2.07,2.11,1.6,1.61
1237,2020-03-11,2.49,2.52,2.15,2.23
1236,2020-03-10,2.71,2.75,2.38,2.57
1235,2020-03-09,2.7,2.79,2.56,2.58
1234,2020-03-06,3.06,3.14,2.825,2.9
1233,2020-03-05,3.24,3.36,3.08,3.13
1232,2020-03-04,3.22,3.38,3.1515,3.35
1231,2020-03-03,3.38,3.42,3.05,3.15
1230,2020-03-02,3.18,3.37,2.98,3.35
1229,2020-02-28,3.02,3.11,2.89,3.11
1228,2020-02-27,3.33,3.33,3.05,3.15
1227,2020-02-26,3.48,3.57,3.31,3.41
1226,2020-02-25,3.67,3.67,3.379,3.49
1225,2020-02-24,3.8,3.8,3.56,3.64
1224,2020-02-21,3.9,4.12,3.76,3.95
1223,2020-02-20,3.79,3.95,3.65,3.92
1222,2020-02-19,3.75,3.8365,3.62,3.75
1221,2020-02-18,3.66,3.86,3.62,3.76
1220,2020-02-14,3.96,3.9885,3.72,3.73
1219,2020-02-13,4.17,4.17,3.95,3.96
1218,2020-02-12,4.01,4.24,3.96,4.19
1217,2020-02-11,3.88,4.19,3.785,4.0
1216,2020-02-10,3.78,4.02,3.71,3.85
1215,2020-02-07,3.86,4.0,3.72,3.78
1214,2020-02-06,3.98,3.98,3.73,3.86
1213,2020-02-05,4.19,4.22,3.93,3.965
1212,2020-02-04,4.27,4.3,4.01,4.14
1211,2020-02-03,3.73,4.27,3.73,4.24
1210,2020-01-31,3.61,3.8207,3.57,3.7
1209,2020-01-30,3.63,3.75,3.55,3.66
1208,2020-01-29,3.85,4.14,3.66,3.67
1207,2020-01-28,3.07,4.06,3.06,4.0
1206,2020-01-27,3.03,3.13,2.7,3.03
1205,2020-01-24,3.42,3.46,3.15,3.23
1204,2020-01-23,3.33,3.47,3.26,3.45
1203,2020-01-22,3.14,3.36,3.1,3.35
1202,2020-01-21,3.31,3.34,3.13,3.14
1201,2020-01-17,3.39,3.42,3.23,3.31
1200,2020-01-16,3.26,3.45,3.23,3.35
1199,2020-01-15,3.19,3.32,3.15,3.26
1198,2020-01-14,3.31,3.34,3.07,3.16
1197,2020-01-13,3.36,3.4,3.25,3.33
1196,2020-01-10,3.51,3.52,3.36,3.37
1195,2020-01-09,3.37,3.53,3.37,3.52
1194,2020-01-08,3.35,3.42,3.25,3.37
1193,2020-01-07,3.38,3.44,3.31,3.38
1192,2020-01-06,3.39,3.46,3.35,3.38
1191,2020-01-03,3.36,3.48,3.34,3.42
1190,2020-01-02,3.64,3.65,3.36,3.42
1189,2019-12-31,3.58,3.755,3.38,3.62
1188,2019-12-30,3.3,3.61,3.1901,3.6
1187,2019-12-27,3.36,3.4402,3.3,3.32
1186,2019-12-26,3.54,3.6,3.35,3.38
1185,2019-12-24,3.61,3.63,3.41,3.52
1184,2019-12-23,3.31,3.605,3.2701,3.6
1183,2019-12-20,3.36,3.37,3.2099,3.32
1182,2019-12-19,3.3,3.38,3.25,3.36
1181,2019-12-18,3.2,3.35,3.16,3.3
1180,2019-12-17,3.24,3.33,3.16,3.19
1179,2019-12-16,3.39,3.4,3.24,3.26
1178,2019-12-13,3.44,3.46,3.28,3.29
1177,2019-12-12,3.53,3.63,3.44,3.46
1176,2019-12-11,3.56,3.58,3.45,3.52
1175,2019-12-10,3.25,3.61,3.25,3.55
1174,2019-12-09,3.45,3.49,3.19,3.26
1173,2019-12-06,3.46,3.58,3.35,3.42
1172,2019-12-05,3.7,3.8,3.345,3.43
1171,2019-12-04,3.95,3.96,3.83,3.93
1170,2019-12-03,4.09,4.13,3.835,3.9
1169,2019-12-02,4.11,4.2143,3.99,4.13
1168,2019-11-29,3.93,4.15,3.79,4.07
1167,2019-11-27,3.9,4.02,3.82,3.94
1166,2019-11-26,3.94,4.0099,3.8109,3.88
1165,2019-11-25,3.62,4.0,3.57,3.97
1164,2019-11-22,3.59,3.6526,3.535,3.62
1163,2019-11-21,3.72,3.73,3.57,3.59
1162,2019-11-20,3.75,3.9,3.64,3.68
1161,2019-11-19,3.8,3.9416,3.735,3.79
1160,2019-11-18,3.9,3.95,3.78,3.79
1159,2019-11-15,3.9,3.95,3.81,3.87
1158,2019-11-14,3.66,3.97,3.55,3.84
1157,2019-11-13,3.5,3.81,3.42,3.69
1156,2019-11-12,3.97,4.03,3.38,3.38
1155,2019-11-11,4.05,4.18,3.76,3.95
1154,2019-11-08,3.69,4.05,3.59,3.9
1153,2019-11-07,3.95,4.01,3.57,3.75
1152,2019-11-06,4.06,4.18,3.6339,3.94
1151,2019-11-05,3.75,4.25,3.66,4.08
1150,2019-11-04,3.62,3.81,3.48,3.74
1149,2019-11-01,3.31,3.52,3.26,3.43
1148,2019-10-31,3.22,3.335,3.07,3.31
1147,2019-10-30,3.27,3.38,3.17,3.22
1146,2019-10-29,3.21,3.28,3.15,3.27
1145,2019-10-28,3.24,3.31,3.15,3.22
1144,2019-10-25,3.11,3.35,3.03,3.24
1143,2019-10-24,3.18,3.18,2.97,3.08
1142,2019-10-23,3.12,3.21,3.08,3.18
1141,2019-10-22,3.28,3.36,3.08,3.09
1140,2019-10-21,3.19,3.36,3.15,3.27
1139,2019-10-18,3.27,3.29,3.06,3.15
1138,2019-10-17,3.15,3.38,3.15,3.27
1137,2019-10-16,3.22,3.32,3.12,3.13
1136,2019-10-15,3.2,3.33,3.14,3.21
1135,2019-10-14,3.25,3.4157,3.175,3.21
1134,2019-10-11,3.14,3.38,3.14,3.28
1133,2019-10-10,3.01,3.19,2.92,3.115
1132,2019-10-09,2.95,3.241,2.95,3.0
1131,2019-10-08,3.03,3.03,2.87,2.905
1130,2019-10-07,3.05,3.16,2.96,3.02
1129,2019-10-04,3.0,3.21,3.0,3.07
1128,2019-10-03,3.07,3.12,2.94,3.02
1127,2019-10-02,3.15,3.26,3.035,3.08
1126,2019-10-01,3.41,3.6,3.15,3.18
1125,2019-09-30,3.56,3.71,3.36,3.41
1124,2019-09-27,4.58,4.613,3.3701,3.61
1123,2019-09-26,5.19,5.22,4.42,4.6
1122,2019-09-25,4.99,5.1,4.6,4.66
1121,2019-09-24,5.62,5.63,4.93,4.97
1120,2019-09-23,5.84,5.97,5.56,5.58
1119,2019-09-20,5.26,5.88,5.226,5.76
1118,2019-09-19,5.6,5.64,5.178,5.28
1117,2019-09-18,5.43,5.77,5.42,5.59
1116,2019-09-17,5.44,5.62,5.38,5.43
1115,2019-09-16,5.39,5.62,5.29,5.46
1114,2019-09-13,5.1,5.49,5.072,5.42
1113,2019-09-12,5.12,5.3,4.89,5.09
1112,2019-09-11,5.3,5.43,4.95,5.13
1111,2019-09-10,4.77,5.32,4.65,5.32
1110,2019-09-09,4.48,4.91,4.4401,4.78
1109,2019-09-06,4.84,4.88,4.42,4.45
1108,2019-09-05,5.0,5.12,4.75,4.8
1107,2019-09-04,4.91,5.08,4.82,4.99
1106,2019-09-03,4.54,4.895,4.54,4.84
1105,2019-08-30,4.75,4.79,4.58,4.65
1104,2019-08-29,4.56,4.88,4.51,4.74
1103,2019-08-28,4.47,4.66,4.44,4.51
1102,2019-08-27,4.59,4.59,4.42,4.51
1101,2019-08-26,4.38,4.6,4.32,4.55
1100,2019-08-23,4.52,4.67,4.35,4.4
1099,2019-08-22,4.74,4.78,4.5,4.54
1098,2019-08-21,4.84,4.85,4.6,4.81
1097,2019-08-20,4.75,4.86,4.6301,4.8
1096,2019-08-19,5.0,5.0947,4.75,4.8
1095,2019-08-16,4.98,5.07,4.91,5.0
1094,2019-08-15,5.05,5.09,4.861,4.9
1093,2019-08-14,4.93,5.13,4.75,5.05
1092,2019-08-13,4.89,5.15,4.76,5.06
1091,2019-08-12,5.05,5.0535,4.75,4.94
1090,2019-08-09,5.27,5.31,5.02,5.15
1089,2019-08-08,5.05,5.34,4.94,5.29
1088,2019-08-07,5.03,5.15,4.895,5.05
1087,2019-08-06,5.1,5.26,4.85,5.03
1086,2019-08-05,5.49,5.5,4.97,5.05
1085,2019-08-02,5.39,5.63,5.29,5.55
1084,2019-08-01,5.67,5.75,5.32,5.38
1083,2019-07-31,5.7,6.02,5.49,5.5
1082,2019-07-30,5.05,5.89,4.91,5.81
1081,2019-07-29,5.05,6.04,5.05,5.33
1080,2019-07-26,4.39,4.77,4.325,4.75
1079,2019-07-25,4.6,4.6,4.32,4.4
1078,2019-07-24,4.64,4.6766,4.49,4.55
1077,2019-07-23,4.62,4.77,4.46,4.71
1076,2019-07-22,4.58,4.63,4.3106,4.63
1075,2019-07-19,4.5,4.62,4.49,4.58
1074,2019-07-18,4.48,4.54,4.35,4.51
1073,2019-07-17,4.5,4.58,4.42,4.52
1072,2019-07-16,4.28,4.63,4.2,4.5
1071,2019-07-15,4.35,4.41,4.25,4.27
1070,2019-07-12,4.42,4.4987,4.33,4.34
1069,2019-07-11,4.5,4.5,4.36,4.42
1068,2019-07-10,4.46,4.64,4.41,4.5
1067,2019-07-09,4.53,4.58,4.27,4.42
1066,2019-07-08,4.67,4.7,4.48,4.54
1065,2019-07-05,4.61,4.685,4.46,4.65
1064,2019-07-03,4.57,4.63,4.487,4.63
1063,2019-07-02,4.67,4.68,4.46,4.57
1062,2019-07-01,4.73,4.7484,4.5,4.67
1061,2019-06-28,4.46,4.7,4.32,4.7
1060,2019-06-27,4.48,4.5401,4.37,4.43
1059,2019-06-26,4.58,4.6172,4.2838,4.47
1058,2019-06-25,4.71,4.8,4.55,4.6
1057,2019-06-24,4.65,4.9,4.6319,4.73
1056,2019-06-21,4.21,4.59,4.11,4.56
1055,2019-06-20,4.3,4.35,4.18,4.25
1054,2019-06-19,4.32,4.34,4.16,4.29
1053,2019-06-18,4.38,4.4,4.3,4.32
1052,2019-06-17,4.36,4.468,4.26,4.35
1051,2019-06-14,4.17,4.55,4.13,4.33
1050,2019-06-13,4.17,4.25,4.04,4.18
1049,2019-06-12,4.19,4.27,4.125,4.16
1048,2019-06-11,4.12,4.23,4.03,4.19
1047,2019-06-10,4.11,4.18,4.01,4.09
1046,2019-06-07,4.09,4.2437,4.07,4.12
1045,2019-06-06,4.15,4.24,4.03,4.1
1044,2019-06-05,4.34,4.415,4.17,4.19
1043,2019-06-04,4.25,4.42,4.16,4.36
1042,2019-06-03,4.13,4.31,4.1213,4.21
1041,2019-05-31,4.36,4.48,4.13,4.14
1040,2019-05-30,4.35,4.49,4.26,4.41
1039,2019-05-29,4.48,4.5,4.26,4.32
1038,2019-05-28,4.41,4.67,4.32,4.44
1037,2019-05-24,3.8,4.68,3.7742,4.41
1036,2019-05-23,3.61,3.8,3.3801,3.75
1035,2019-05-22,3.67,3.75,3.53,3.64
1034,2019-05-21,3.68,3.84,3.65,3.67
1033,2019-05-20,3.59,3.78,3.54,3.64
1032,2019-05-17,3.77,3.78,3.53,3.59
1031,2019-05-16,3.92,4.065,3.79,3.81
1030,2019-05-15,3.89,3.9998,3.74,3.88
1029,2019-05-14,3.65,4.04,3.51,3.9
1028,2019-05-13,3.25,3.64,3.15,3.55
1027,2019-05-10,3.16,3.55,3.15,3.31
1026,2019-05-09,3.07,3.21,3.0007,3.19
1025,2019-05-08,3.11,3.14,3.04,3.11
1024,2019-05-07,3.22,3.25,3.07,3.11
1023,2019-05-06,3.13,3.4,3.1009,3.23
1022,2019-05-03,2.98,3.24,2.98,3.19
1021,2019-05-02,2.95,3.04,2.91,3.01
1020,2019-05-01,2.99,3.1,2.92,2.98
1019,2019-04-30,3.19,3.215,2.98,2.99
1018,2019-04-29,3.12,3.22,3.07,3.15
1017,2019-04-26,2.94,3.18,2.88,3.14
1016,2019-04-25,2.91,2.95,2.83,2.94
1015,2019-04-24,2.97,3.03,2.85,2.91
1014,2019-04-23,2.95,3.0287,2.86,2.94
1013,2019-04-22,2.9,2.96,2.81,2.92
1012,2019-04-18,2.86,2.98,2.83,2.89
1011,2019-04-17,3.1,3.11,2.88,2.9
1010,2019-04-16,3.11,3.13,3.03,3.1
1009,2019-04-15,3.22,3.22,3.1,3.11
1008,2019-04-12,3.42,3.59,3.2,3.22
1007,2019-04-11,3.53,3.55,3.37,3.39
1006,2019-04-10,3.51,3.5928,3.46,3.56
1005,2019-04-09,3.89,3.89,3.42,3.48
1004,2019-04-08,3.78,4.0,3.64,3.84
1003,2019-04-05,3.59,3.79,3.59,3.78
1002,2019-04-04,3.53,3.69,3.49,3.59
1001,2019-04-03,3.37,3.64,3.36,3.54
1000,2019-04-02,3.27,3.37,3.19,3.34
999,2019-04-01,3.41,3.41,3.245,3.27
998,2019-03-29,3.23,3.38,3.1972,3.35
997,2019-03-28,3.16,3.22,3.11,3.19
996,2019-03-27,3.13,3.24,3.08,3.17
995,2019-03-26,3.11,3.18,3.08,3.15
994,2019-03-25,3.13,3.22,3.01,3.1
993,2019-03-22,3.17,3.28,3.04,3.12
992,2019-03-21,3.27,3.32,3.12,3.2
991,2019-03-20,3.19,3.32,3.155,3.24
990,2019-03-19,3.34,3.35,3.18,3.22
989,2019-03-18,3.31,3.4,3.2,3.34
988,2019-03-15,3.2,3.36,3.2,3.32
987,2019-03-14,3.45,3.48,3.17,3.2
986,2019-03-13,3.21,3.45,3.1841,3.45
985,2019-03-12,3.13,3.32,3.08,3.21
984,2019-03-11,2.95,3.19,2.9,3.1
983,2019-03-08,2.97,3.05,2.91,2.92
982,2019-03-07,3.01,3.01,2.83,3.0
981,2019-03-06,3.01,3.05,2.95,3.0
980,2019-03-05,3.07,3.18,2.9975,3.04
979,2019-03-04,3.1,3.1329,2.9301,3.0
978,2019-03-01,3.03,3.13,3.0,3.1
977,2019-02-28,3.07,3.07,2.96,3.0
976,2019-02-27,3.06,3.15,3.01,3.06
975,2019-02-26,3.02,3.12,2.985,3.09
974,2019-02-25,3.14,3.2,2.98,3.03
973,2019-02-22,3.03,3.1411,3.0,3.08
972,2019-02-21,3.01,3.12,2.99,3.03
971,2019-02-20,3.25,3.25,2.98,3.0
970,2019-02-19,3.08,3.28,3.0,3.22
969,2019-02-15,3.01,3.15,2.91,3.07
968,2019-02-14,2.92,3.02,2.83,2.99
967,2019-02-13,3.03,3.0363,2.88,2.91
966,2019-02-12,3.05,3.08,2.93,3.01
965,2019-02-11,2.88,3.13,2.88,3.03
964,2019-02-08,2.81,2.8501,2.72,2.84
963,2019-02-07,2.88,2.89,2.72,2.8
962,2019-02-06,2.82,2.93,2.79,2.87
961,2019-02-05,2.95,3.045,2.8,2.83
960,2019-02-04,2.91,3.0183,2.9,2.97
959,2019-02-01,2.89,2.98,2.85,2.91
958,2019-01-31,2.65,2.97,2.65,2.87
957,2019-01-30,2.56,2.69,2.51,2.66
956,2019-01-29,2.56,2.58,2.44,2.53
955,2019-01-28,2.75,2.76,2.48,2.53
954,2019-01-25,2.56,2.81,2.56,2.74
953,2019-01-24,2.56,2.61,2.48,2.55
952,2019-01-23,2.53,2.64,2.499,2.54
951,2019-01-22,2.63,2.642,2.45,2.52
950,2019-01-18,2.7,2.8,2.61,2.65
949,2019-01-17,2.81,2.875,2.67,2.7
948,2019-01-16,2.91,2.98,2.76,2.82
947,2019-01-15,2.85,2.92,2.78,2.92
946,2019-01-14,2.98,2.98,2.84,2.87
945,2019-01-11,3.08,3.25,2.94,2.98
944,2019-01-10,2.86,3.18,2.78,3.14
943,2019-01-09,2.85,2.91,2.8,2.88
942,2019-01-08,2.95,2.9677,2.77,2.84
941,2019-01-07,2.81,2.96,2.77,2.92
940,2019-01-04,2.69,2.8,2.67,2.76
939,2019-01-03,2.92,2.93,2.62,2.64
938,2019-01-02,2.64,2.95,2.5702,2.92
937,2018-12-31,2.93,2.94,2.45,2.66
936,2018-12-28,2.54,2.97,2.54,2.91
935,2018-12-27,2.64,2.6639,2.46,2.55
934,2018-12-26,2.53,2.69,2.44,2.67
933,2018-12-24,2.4,2.59,2.39,2.47
932,2018-12-21,2.59,2.7,2.45,2.46
931,2018-12-20,2.67,2.74,2.53,2.57
930,2018-12-19,2.73,2.84,2.64,2.68
929,2018-12-18,2.93,2.99,2.59,2.72
928,2018-12-17,2.92,3.03,2.8,2.9
927,2018-12-14,3.05,3.15,2.895,2.92
926,2018-12-13,3.35,3.4,3.03,3.06
925,2018-12-12,3.29,3.41,3.2618,3.35
924,2018-12-11,3.5,3.5,3.2,3.26
923,2018-12-10,3.49,3.55,3.39,3.45
922,2018-12-07,3.5,3.55,3.4,3.51
921,2018-12-06,3.59,3.66,3.46,3.51
920,2018-12-04,3.55,3.73,3.43,3.56
919,2018-12-03,3.45,3.63,3.4,3.62
918,2018-11-30,3.42,3.5,3.33,3.39
917,2018-11-29,3.53,3.55,3.41,3.45
916,2018-11-28,3.35,3.51,3.32,3.49
915,2018-11-27,3.26,3.39,3.2,3.35
914,2018-11-26,3.45,3.61,3.23,3.3
913,2018-11-23,3.32,3.49,3.32,3.44
912,2018-11-21,3.15,3.37,3.15,3.36
911,2018-11-20,3.2,3.26,3.07,3.26
910,2018-11-19,3.48,3.56,3.12,3.27
909,2018-11-16,3.34,3.5,3.25,3.48
908,2018-11-15,3.28,3.5,3.28,3.38
907,2018-11-14,3.19,3.33,3.061,3.31
906,2018-11-13,3.3,3.4,3.04,3.18
905,2018-11-12,3.54,3.6,3.265,3.29
904,2018-11-09,3.85,3.85,3.481,3.56
903,2018-11-08,3.8,3.95,3.72,3.86
902,2018-11-07,4.15,4.15,3.24,3.79
901,2018-11-06,4.35,4.41,4.27,4.38
900,2018-11-05,4.39,4.45,4.22,4.38
899,2018-11-02,4.21,4.44,4.124,4.4
898,2018-11-01,4.17,4.33,4.15,4.18
897,2018-10-31,4.11,4.26,4.09,4.12
896,2018-10-30,4.14,4.37,3.98,4.0
895,2018-10-29,4.36,4.4,4.07,4.16
894,2018-10-26,4.29,4.57,4.2,4.28
893,2018-10-25,4.51,4.71,4.21,4.36
892,2018-10-24,4.79,4.84,4.46,4.46
891,2018-10-23,4.76,4.84,4.61,4.78
890,2018-10-22,5.24,5.31,4.78,4.83
889,2018-10-19,5.29,5.43,5.11,5.2
888,2018-10-18,5.48,5.49,5.095,5.3
887,2018-10-17,5.2,5.46,5.15,5.42
886,2018-10-16,5.07,5.26,5.07,5.23
885,2018-10-15,5.05,5.13,4.81,5.08
884,2018-10-12,4.81,5.07,4.81,5.05
883,2018-10-11,4.75,5.0,4.67,4.76
882,2018-10-10,4.97,4.9996,4.65,4.73
881,2018-10-09,5.01,5.15,4.97,4.97
880,2018-10-08,5.11,5.19,5.02,5.05
879,2018-10-05,5.1,5.19,5.04,5.16
878,2018-10-04,5.33,5.33,4.97,5.07
877,2018-10-03,5.24,5.37,5.13,5.35
876,2018-10-02,5.32,5.4,5.21,5.23
875,2018-10-01,5.66,5.69,5.34,5.36
874,2018-09-28,5.69,5.73,5.57,5.6
873,2018-09-27,5.68,5.796,5.595,5.67
872,2018-09-26,5.73,5.73,5.5,5.59
871,2018-09-25,5.35,5.85,5.33,5.69
870,2018-09-24,5.33,5.37,5.22,5.33
869,2018-09-21,5.27,5.39,5.24,5.35
868,2018-09-20,5.41,5.54,5.25,5.28
867,2018-09-19,5.26,5.5912,5.26,5.41
866,2018-09-18,5.18,5.35,5.18,5.28
865,2018-09-17,5.0,5.11,4.93,5.08
864,2018-09-14,5.11,5.2,4.98,4.99
863,2018-09-13,5.14,5.22,4.99,5.09
862,2018-09-12,5.27,5.27,5.01,5.11
861,2018-09-11,5.3,5.37,5.16,5.26
860,2018-09-10,5.32,5.4,5.24,5.3
859,2018-09-07,5.3,5.51,5.25,5.27
858,2018-09-06,5.39,5.5216,5.25,5.33
857,2018-09-05,5.67,5.75,5.39,5.48
856,2018-09-04,5.54,5.755,5.451,5.66
855,2018-08-31,5.56,5.602,5.4,5.54
854,2018-08-30,5.55,5.7321,5.49,5.57
853,2018-08-29,5.25,5.65,5.25,5.53
852,2018-08-28,5.27,5.35,5.1601,5.24
851,2018-08-27,5.26,5.44,5.18,5.24
850,2018-08-24,5.26,5.38,5.24,5.26
849,2018-08-23,5.37,5.49,5.18,5.25
848,2018-08-22,5.21,5.45,5.19,5.39
847,2018-08-21,5.03,5.3269,5.03,5.24
846,2018-08-20,5.1,5.2,4.98,5.07
845,2018-08-17,5.38,5.38,5.03,5.09
844,2018-08-16,5.24,5.37,5.11,5.36
843,2018-08-15,5.56,5.56,5.13,5.18
842,2018-08-14,5.48,5.66,5.45,5.56
841,2018-08-13,5.7,5.85,5.31,5.44
840,2018-08-10,5.37,5.83,5.24,5.68
839,2018-08-09,5.05,5.5,4.43,5.42
838,2018-08-08,5.53,5.5599,5.15,5.3
837,2018-08-07,5.44,5.515,5.26,5.48
836,2018-08-06,5.3,5.5598,5.25,5.41
835,2018-08-03,5.48,5.49,5.25,5.28
834,2018-08-02,5.49,5.52,5.3185,5.45
833,2018-08-01,5.5,5.6,5.425,5.5
832,2018-07-31,5.25,5.775,5.25,5.49
831,2018-07-30,5.3,5.499,5.19,5.32
830,2018-07-27,5.72,5.79,5.25,5.28
829,2018-07-26,5.9,5.97,5.76,5.78
828,2018-07-25,6.1,6.29,5.88,5.92
827,2018-07-24,6.44,6.55,6.06,6.14
826,2018-07-23,5.79,6.44,5.751,6.42
825,2018-07-20,5.68,5.91,5.65,5.83
824,2018-07-19,5.45,5.71,5.28,5.69
823,2018-07-18,5.55,5.55,5.37,5.41
822,2018-07-17,5.73,5.82,5.53,5.55
821,2018-07-16,5.62,5.92,5.58,5.75
820,2018-07-13,5.38,5.62,5.32,5.6
819,2018-07-12,5.3,5.4,5.22,5.39
818,2018-07-11,5.28,5.39,5.26,5.26
817,2018-07-10,5.39,5.43,5.285,5.32
816,2018-07-09,5.47,5.5099,5.34,5.39
815,2018-07-06,5.39,5.5999,5.29,5.46
814,2018-07-05,5.34,5.42,5.2,5.41
813,2018-07-03,5.26,5.32,5.09,5.29
812,2018-07-02,5.01,5.28,5.01,5.26
811,2018-06-29,5.07,5.27,5.0,5.07
810,2018-06-28,5.08,5.18,4.89,5.03
809,2018-06-27,5.23,5.23,5.049,5.05
808,2018-06-26,5.19,5.31,5.13,5.21
807,2018-06-25,5.2,5.3559,5.12,5.2
806,2018-06-22,5.23,5.33,5.1,5.19
805,2018-06-21,5.37,5.44,5.135,5.21
804,2018-06-20,5.16,5.516,5.16,5.39
803,2018-06-19,5.24,5.3099,5.05,5.06
802,2018-06-18,5.18,5.35,5.05,5.29
801,2018-06-15,5.28,5.38,5.11,5.17
800,2018-06-14,5.69,5.7,5.22,5.32
799,2018-06-13,5.7,5.77,5.595,5.65
798,2018-06-12,5.8,5.8399,5.63,5.67
797,2018-06-11,5.88,6.0099,5.8,5.83
796,2018-06-08,5.69,5.88,5.58,5.86
795,2018-06-07,5.9,5.93,5.64,5.72
794,2018-06-06,5.57,5.89,5.52,5.87
793,2018-06-05,5.56,5.6777,5.51,5.54
792,2018-06-04,5.92,5.9699,5.52,5.59
791,2018-06-01,5.65,5.9099,5.5785,5.86
790,2018-05-31,5.66,5.8094,5.57,5.62
789,2018-05-30,5.85,5.95,5.54,5.62
788,2018-05-29,6.18,6.2999,5.79,5.84
787,2018-05-25,6.05,6.33,5.99,6.24
786,2018-05-24,6.08,6.16,5.95,6.11
785,2018-05-23,5.95,6.15,5.86,6.04
784,2018-05-22,5.87,6.22,5.86,5.96
783,2018-05-21,5.95,6.0499,5.85,5.91
782,2018-05-18,5.95,6.01,5.85,5.92
781,2018-05-17,6.1,6.1099,5.88,5.93
780,2018-05-16,5.82,6.08,5.73,6.03
779,2018-05-15,5.63,5.8,5.5,5.75
778,2018-05-14,5.84,5.9192,5.72,5.74
777,2018-05-11,5.62,6.08,5.62,5.85
776,2018-05-10,5.69,5.74,5.27,5.56
775,2018-05-09,5.81,5.8894,5.61,5.69
774,2018-05-08,5.93,5.98,5.74,5.81
773,2018-05-07,5.98,6.05,5.91,5.93
772,2018-05-04,6.25,6.39,6.0,6.01
771,2018-05-03,6.26,6.33,6.11,6.14
770,2018-05-02,6.18,6.619,6.18,6.33
769,2018-05-01,6.36,6.39,6.06,6.23
768,2018-04-30,6.31,6.939,6.31,6.37
767,2018-04-27,6.33,6.38,6.25,6.31
766,2018-04-26,6.42,6.49,6.25,6.31
765,2018-04-25,6.49,6.51,6.26,6.43
764,2018-04-24,6.36,6.46,6.2775,6.44
763,2018-04-23,6.58,6.58,6.24,6.36
762,2018-04-20,6.5,6.67,6.4016,6.56
761,2018-04-19,6.72,6.76,6.52,6.54
760,2018-04-18,6.69,6.87,6.57,6.71
759,2018-04-17,6.5,6.8,6.42,6.7
758,2018-04-16,6.49,6.51,6.33,6.43
757,2018-04-13,6.89,6.93,6.39,6.43
756,2018-04-12,6.89,6.91,6.7,6.85
755,2018-04-11,6.5,6.91,6.5,6.88
754,2018-04-10,6.32,6.665,6.25,6.56
753,2018-04-09,6.38,6.39,6.1,6.23
752,2018-04-06,6.48,6.56,6.27,6.33
751,2018-04-05,6.66,6.8,6.46,6.56
750,2018-04-04,6.41,6.64,6.25,6.62
749,2018-04-03,6.47,6.68,6.43,6.55
748,2018-04-02,6.83,6.87,6.41,6.48
747,2018-03-29,6.88,6.95,6.8,6.82
746,2018-03-28,6.83,6.93,6.5812,6.8
745,2018-03-27,7.32,7.415,6.76,6.86
744,2018-03-26,7.32,7.47,7.07,7.31
743,2018-03-23,7.56,7.6,7.17,7.21
742,2018-03-22,7.55,7.88,7.42,7.58
741,2018-03-21,7.54,7.75,7.41,7.58
740,2018-03-20,7.18,7.56,7.12,7.46
739,2018-03-19,7.12,7.35,7.03,7.22
738,2018-03-16,6.75,6.92,6.34,6.81
737,2018-03-15,7.31,7.36,6.85,6.88
736,2018-03-14,7.55,7.57,7.18,7.27
735,2018-03-13,7.63,7.839,7.53,7.55
734,2018-03-12,7.5,7.73,7.1901,7.67
733,2018-03-09,7.67,7.82,6.63,7.27
732,2018-03-08,7.9,8.05,7.19,7.4
731,2018-03-07,7.89,7.95,7.65,7.8
730,2018-03-06,8.2,8.25,7.78,7.91
729,2018-03-05,8.35,8.455,8.07,8.15
728,2018-03-02,8.4,8.5,8.21,8.35
727,2018-03-01,8.54,8.65,8.315,8.49
726,2018-02-28,8.83,8.83,8.47,8.52
725,2018-02-27,8.93,9.13,8.55,8.76
724,2018-02-26,8.62,8.97,8.6,8.86
723,2018-02-23,8.29,8.65,8.26,8.59
722,2018-02-22,8.2,8.45,8.19,8.19
721,2018-02-21,8.54,8.68,7.88,8.12
720,2018-02-20,8.61,9.02,8.5,8.56
719,2018-02-16,8.8,9.1,8.37,8.63
718,2018-02-15,8.83,9.3116,8.66,8.87
717,2018-02-14,8.2,8.77,8.12,8.7
716,2018-02-13,9.05,9.75,8.9101,9.45
715,2018-02-12,8.83,9.6,8.75,8.88
714,2018-02-09,8.05,8.79,7.68,8.59
713,2018-02-08,7.72,7.77,7.13,7.15
712,2018-02-07,7.82,8.01,7.71,7.73
711,2018-02-06,7.86,8.06,7.6287,7.8
710,2018-02-05,8.0,8.58,7.85,8.01
709,2018-02-02,7.66,8.31,7.59,8.07
708,2018-02-01,7.48,7.73,7.41,7.67
707,2018-01-31,7.64,7.78,7.44,7.53
706,2018-01-30,7.61,7.9,7.33,7.63
705,2018-01-29,7.95,7.95,7.51,7.64
704,2018-01-26,7.75,8.339,7.71,7.93
703,2018-01-25,7.57,7.75,7.42,7.72
702,2018-01-24,7.45,7.71,7.4,7.61
701,2018-01-23,7.49,7.8,7.39,7.43
700,2018-01-22,7.44,7.56,7.42,7.48
699,2018-01-19,7.36,7.52,7.31,7.42
698,2018-01-18,7.37,7.47,7.27,7.37
697,2018-01-17,7.15,7.58,7.15,7.35
696,2018-01-16,7.65,7.85,6.85,6.92
695,2018-01-12,7.39,7.55,7.26,7.46
694,2018-01-11,7.47,7.57,7.36,7.39
693,2018-01-10,7.18,7.46,7.08,7.39
692,2018-01-09,7.29,7.39,7.23,7.27
691,2018-01-08,7.3,7.36,7.06,7.28
690,2018-01-05,7.55,7.599,7.13,7.32
689,2018-01-04,7.19,7.51,7.05,7.44
688,2018-01-03,7.78,7.9,6.86,7.12
687,2018-01-02,7.56,7.76,7.51,7.75
686,2017-12-29,7.54,7.74,7.44,7.55
685,2017-12-28,7.21,7.59,7.21,7.43
684,2017-12-27,7.41,7.59,7.03,7.23
683,2017-12-26,6.37,7.37,6.37,7.34
682,2017-12-22,6.25,6.5,6.2,6.37
681,2017-12-21,5.92,6.3,5.92,6.26
680,2017-12-20,6.02,6.08,5.83,5.93
679,2017-12-19,5.63,5.96,5.63,5.85
678,2017-12-18,6.05,6.05,5.6,5.64
677,2017-12-15,5.93,6.08,5.9,5.95
676,2017-12-14,5.99,6.1699,5.86,5.93
675,2017-12-13,5.8,6.05,5.8,6.0
674,2017-12-12,5.85,5.98,5.75,5.79
673,2017-12-11,6.1,6.13,5.76,5.82
672,2017-12-08,6.14,6.24,6.09,6.15
671,2017-12-07,5.95,6.23,5.835,6.14
670,2017-12-06,6.14,6.18,5.76,5.87
669,2017-12-05,6.08,6.34,6.08,6.16
668,2017-12-04,6.12,6.28,5.98,6.14
667,2017-12-01,6.22,6.45,5.87,6.07
666,2017-11-30,6.13,6.24,6.07,6.18
665,2017-11-29,6.19,6.275,6.03,6.09
664,2017-11-28,6.27,6.2833,6.01,6.14
663,2017-11-27,6.49,6.65,6.18,6.27
662,2017-11-24,6.4,6.52,6.35,6.5
661,2017-11-22,6.31,6.439,6.16,6.38
660,2017-11-21,6.23,6.39,6.1,6.32
659,2017-11-20,6.19,6.47,6.051,6.21
658,2017-11-17,5.9,6.25,5.74,6.09
657,2017-11-16,5.45,5.87,5.45,5.78
656,2017-11-15,5.58,5.6,5.34,5.41
655,2017-11-14,5.62,5.75,5.47,5.64
654,2017-11-13,5.44,5.675,5.23,5.55
653,2017-11-10,5.24,5.63,5.11,5.45
652,2017-11-09,4.8,5.65,4.72,5.25
651,2017-11-08,4.74,4.88,4.7,4.78
650,2017-11-07,4.9,4.99,4.67,4.75
649,2017-11-06,5.0,5.0,4.86,4.92
648,2017-11-03,4.95,5.08,4.87,4.95
647,2017-11-02,4.82,5.03,4.8,4.98
646,2017-11-01,5.04,5.06,4.8,4.84
645,2017-10-31,5.05,5.09,4.96,5.05
644,2017-10-30,4.99,5.22,4.931,5.04
643,2017-10-27,4.82,5.039,4.71,4.96
642,2017-10-26,4.61,4.92,4.58,4.84
641,2017-10-25,4.73,4.87,4.65,4.68
640,2017-10-24,5.08,5.1,4.7,4.74
639,2017-10-23,5.0,5.25,4.99,5.12
638,2017-10-20,5.08,5.13,4.96,5.0
637,2017-10-19,5.22,5.24,4.88,5.1
636,2017-10-18,5.3,5.35,5.06,5.13
635,2017-10-17,5.25,5.48,5.25,5.28
634,2017-10-16,5.6,5.79,5.14,5.27
633,2017-10-13,5.89,5.95,5.68,5.72
632,2017-10-12,6.19,6.26,5.6,5.87
631,2017-10-11,6.28,6.44,6.2,6.23
630,2017-10-10,6.19,6.33,6.06,6.3
629,2017-10-09,6.22,6.36,6.06,6.19
628,2017-10-06,6.5,6.58,6.2,6.23
627,2017-10-05,6.4,6.58,6.35,6.53
626,2017-10-04,6.3,6.44,6.2,6.34
625,2017-10-03,6.25,6.48,6.01,6.19
624,2017-10-02,5.76,6.25,5.72,6.21
623,2017-09-29,5.59,5.83,5.43,5.76
622,2017-09-28,5.43,5.99,5.42,5.88
621,2017-09-27,5.37,5.43,5.305,5.42
620,2017-09-26,5.29,5.33,5.22,5.31
619,2017-09-25,5.25,5.322,5.18,5.25
618,2017-09-22,5.17,5.35,5.15,5.28
617,2017-09-21,5.29,5.32,5.13,5.17
616,2017-09-20,5.42,5.42,5.22,5.32
615,2017-09-19,5.39,5.44,5.33,5.39
614,2017-09-18,5.44,5.49,5.33,5.43
613,2017-09-15,5.41,5.448,5.26,5.39
612,2017-09-14,5.29,5.42,5.21,5.4
611,2017-09-13,5.3,5.39,5.23,5.32
610,2017-09-12,5.45,5.48,5.26,5.35
609,2017-09-11,5.35,5.48,5.21,5.43
608,2017-09-08,5.28,5.35,5.2,5.33
607,2017-09-07,5.21,5.35,5.15,5.28
606,2017-09-06,5.19,5.37,5.07,5.2
605,2017-09-05,5.42,5.47,5.15,5.19
604,2017-09-01,5.53,5.53,5.31,5.48
603,2017-08-31,5.57,5.58,5.412,5.51
602,2017-08-30,5.33,5.54,5.25,5.5
601,2017-08-29,5.19,5.32,5.09,5.31
600,2017-08-28,5.1,5.23,5.02,5.23
599,2017-08-25,5.26,5.28,5.0,5.05
598,2017-08-24,5.14,5.22,5.07,5.21
597,2017-08-23,5.0,5.18,5.0,5.11
596,2017-08-22,5.1,5.1,4.95,5.0
595,2017-08-21,4.92,5.195,4.82,5.05
594,2017-08-18,4.75,4.89,4.66,4.87
593,2017-08-17,4.7,4.9,4.61,4.63
592,2017-08-16,4.7,4.9,4.61,4.74
591,2017-08-15,4.78,4.8,4.62,4.72
590,2017-08-14,4.61,4.8773,4.6,4.8
589,2017-08-11,4.6,4.75,4.415,4.58
588,2017-08-10,4.97,5.1199,4.4732,4.63
587,2017-08-09,5.13,5.165,4.95,5.0
586,2017-08-08,5.32,5.32,5.13,5.18
585,2017-08-07,5.24,5.4,5.18,5.29
584,2017-08-04,5.08,5.35,5.022,5.25
583,2017-08-03,5.0,5.175,4.92,5.09
582,2017-08-02,5.17,5.288,5.0,5.03
581,2017-08-01,5.21,5.295,4.8,5.18
580,2017-07-31,5.35,5.58,5.17,5.2
579,2017-07-28,5.22,5.41,5.16,5.32
578,2017-07-27,5.58,5.58,5.14,5.27
577,2017-07-26,5.6,5.72,5.53,5.54
576,2017-07-25,5.81,6.05,5.58,5.64
575,2017-07-24,5.68,5.84,5.65,5.83
574,2017-07-21,5.68,5.89,5.61,5.7
573,2017-07-20,5.82,5.84,5.428,5.65
572,2017-07-19,5.74,5.935,5.74,5.83
571,2017-07-18,5.7,5.7799,5.52,5.75
570,2017-07-17,5.89,5.896,5.66,5.74
569,2017-07-14,5.56,5.83,5.4,5.83
568,2017-07-13,5.96,5.9744,5.28,5.52
567,2017-07-12,6.18,6.2,5.9,5.94
566,2017-07-11,6.05,6.15,5.93,6.03
565,2017-07-10,5.87,6.05,5.83,5.93
564,2017-07-07,5.75,5.88,5.7,5.8
563,2017-07-06,5.46,5.84,5.45,5.64
562,2017-07-05,5.49,5.68,5.36,5.44
561,2017-07-03,5.1,5.14,4.82,5.13
560,2017-06-30,5.06,5.46,5.02,5.06
559,2017-06-29,4.77,5.043,4.698,4.94
558,2017-06-28,4.8,4.8,4.6,4.73
557,2017-06-27,4.85,4.89,4.68,4.75
556,2017-06-26,4.82,5.02,4.69,4.81
555,2017-06-23,4.68,4.86,4.44,4.85
554,2017-06-22,4.56,4.75,4.56,4.63
553,2017-06-21,4.49,4.68,4.49,4.54
552,2017-06-20,4.5,4.65,4.35,4.49
551,2017-06-19,4.27,4.6,4.27,4.5
550,2017-06-16,4.21,4.35,4.21,4.28
549,2017-06-15,4.15,4.26,4.11,4.23
548,2017-06-14,4.36,4.42,4.15,4.19
547,2017-06-13,4.26,4.455,4.25,4.32
546,2017-06-12,4.35,4.415,4.18,4.26
545,2017-06-09,4.25,4.58,4.16,4.38
544,2017-06-08,4.43,4.43,4.11,4.28
543,2017-06-07,4.43,4.52,4.21,4.39
542,2017-06-06,4.72,4.832,4.42,4.46
541,2017-06-05,4.92,5.05,4.66,4.71
540,2017-06-02,4.84,4.927,4.68,4.89
539,2017-06-01,4.53,4.85,4.5,4.82
538,2017-05-31,4.62,4.849,4.44,4.58
537,2017-05-30,4.41,5.06,4.41,4.62
536,2017-05-26,4.48,4.54,4.25,4.31
535,2017-05-25,4.21,4.59,4.19,4.45
534,2017-05-24,4.05,4.2,3.91,4.14
533,2017-05-23,3.95,4.09,3.9,4.02
532,2017-05-22,4.04,4.09,3.83,3.94
531,2017-05-19,4.02,4.19,4.02,4.05
530,2017-05-18,4.04,4.15,3.98,4.04
529,2017-05-17,4.08,4.16,3.93,4.01
528,2017-05-16,3.83,4.28,3.8,4.09
527,2017-05-15,3.83,4.0,3.76,3.82
526,2017-05-12,3.86,4.02,3.75,3.8
525,2017-05-11,3.68,4.07,3.62,3.89
524,2017-05-10,3.43,4.17,3.42,3.98
523,2017-05-09,3.45,3.53,3.33,3.4
522,2017-05-08,3.6,3.66,3.29,3.41
521,2017-05-05,3.57,3.628,3.26,3.56
520,2017-05-04,3.51,3.89,3.43,3.54
519,2017-05-03,3.16,3.97,3.03,3.67
518,2017-05-02,2.41,2.43,2.34,2.4
517,2017-05-01,2.44,2.44,2.363,2.4
516,2017-04-28,2.37,2.41,2.35,2.41
515,2017-04-27,2.33,2.38,2.33,2.35
514,2017-04-26,2.334,2.38,2.31,2.35
513,2017-04-25,2.32,2.44,2.28,2.32
512,2017-04-24,2.32,2.46,2.32,2.32
511,2017-04-21,2.444,2.444,2.32,2.335
510,2017-04-20,2.45,2.58,2.36,2.38
509,2017-04-19,2.42,2.49,2.32,2.44
508,2017-04-18,2.59,2.59,2.35,2.42
507,2017-04-17,2.32,2.438,2.29,2.39
506,2017-04-13,2.3,2.335,2.26,2.33
505,2017-04-12,2.39,2.39,2.281,2.3
504,2017-04-11,2.42,2.46,2.34,2.38
503,2017-04-10,2.35,2.47,2.35,2.38
502,2017-04-07,2.435,2.45,2.33,2.37
501,2017-04-06,2.49,2.51,2.29,2.44
500,2017-04-05,2.52,2.55,2.48,2.49
499,2017-04-04,2.53,2.67,2.5,2.505
498,2017-04-03,2.59,2.62,2.52,2.57
497,2017-03-31,2.7,2.71,2.55,2.6
496,2017-03-30,2.77,2.78,2.57,2.72
495,2017-03-29,2.76,2.78,2.71,2.78
494,2017-03-28,2.78,2.789,2.66,2.78
493,2017-03-27,2.66,2.8,2.589,2.78
492,2017-03-24,2.57,2.66,2.56,2.66
491,2017-03-23,2.5,2.6,2.42,2.55
490,2017-03-22,2.58,2.59,2.4,2.45
489,2017-03-21,2.67,2.67,2.46,2.52
488,2017-03-20,2.73,2.73,2.56,2.67
487,2017-03-17,2.76,2.78,2.71,2.73
486,2017-03-16,2.73,2.83,2.7,2.77
485,2017-03-15,2.7,2.78,2.612,2.72
484,2017-03-14,2.78,2.79,2.51,2.68
483,2017-03-13,2.85,2.86,2.7,2.78
482,2017-03-10,2.99,2.99,2.82,2.85
481,2017-03-09,2.6,3.09,2.58,2.85
480,2017-03-08,2.62,2.68,2.58,2.58
479,2017-03-07,2.6,2.75,2.51,2.64
478,2017-03-06,2.24,2.67,2.2,2.64
477,2017-03-03,2.15,2.24,2.15,2.22
476,2017-03-02,2.07,2.24,2.07,2.17
475,2017-03-01,2.04,2.11,2.01,2.07
474,2017-02-28,2.04,2.07,1.96,2.04
473,2017-02-27,2.24,2.24,1.96,2.02
472,2017-02-24,2.01,2.01,1.88,1.92
471,2017-02-23,2.05,2.05,1.99,1.99
470,2017-02-22,2.01,2.07,2.01,2.03
469,2017-02-21,2.1,2.101,2.04,2.04
468,2017-02-17,2.08,2.15,2.01,2.095
467,2017-02-16,2.14,2.15,2.0,2.09
466,2017-02-15,2.15,2.17,2.1,2.15
465,2017-02-14,2.2,2.2,2.13,2.15
464,2017-02-13,2.08,2.18,2.08,2.17
463,2017-02-10,2.06,2.1,2.01,2.08
462,2017-02-09,2.09,2.11,2.04,2.07
461,2017-02-08,2.09,2.11,2.03,2.1
460,2017-02-07,2.2,2.2,2.09,2.13
459,2017-02-06,2.16,2.24,2.151,2.2
458,2017-02-03,2.16,2.18,2.12,2.16
457,2017-02-02,2.17,2.17,2.08,2.16
456,2017-02-01,2.21,2.24,2.15,2.17
455,2017-01-31,2.1,2.24,2.09,2.19
454,2017-01-30,2.12,2.23,2.08,2.11
453,2017-01-27,1.99,2.15,1.99,2.09
452,2017-01-26,2.0,2.1,1.95,1.98
451,2017-01-25,1.95,2.07,1.88,2.01
450,2017-01-24,1.7,1.94,1.6701,1.905
449,2017-01-23,1.82,1.82,1.66,1.7
448,2017-01-20,1.82,1.84,1.73,1.81
447,2017-01-19,1.8,1.82,1.76,1.7899
446,2017-01-18,1.85,1.91,1.77,1.8038
445,2017-01-17,1.92,1.9399,1.8,1.87
444,2017-01-13,1.88,1.95,1.81,1.92
443,2017-01-12,1.85,1.9504,1.7901,1.87
442,2017-01-11,1.82,1.89,1.71,1.87
441,2017-01-10,1.88,1.9,1.76,1.82
440,2017-01-09,1.9,1.9146,1.75,1.86
439,2017-01-06,1.77,1.9,1.77,1.88
438,2017-01-05,1.85,1.96,1.7114,1.76
437,2017-01-04,1.42,1.47,1.42,1.4699
436,2017-01-03,1.38,1.4799,1.38,1.46
435,2016-12-30,1.4,1.42,1.39,1.4052
434,2016-12-29,1.48,1.48,1.4,1.41
433,2016-12-28,1.47,1.4883,1.43,1.4599
432,2016-12-27,1.42,1.48,1.42,1.48
431,2016-12-23,1.41,1.44,1.39,1.44
430,2016-12-22,1.43,1.44,1.38,1.4099
429,2016-12-21,1.38,1.44,1.38,1.41
428,2016-12-20,1.3601,1.45,1.36,1.38
427,2016-12-19,1.39,1.44,1.37,1.4
426,2016-12-16,1.3808,1.46,1.3808,1.4199
425,2016-12-15,1.35,1.4499,1.34,1.4
424,2016-12-14,1.43,1.4316,1.34,1.355
423,2016-12-13,1.46,1.4899,1.42,1.435
422,2016-12-12,1.59,1.59,1.45,1.47
421,2016-12-09,1.4801,1.56,1.48,1.5399
420,2016-12-08,1.4733,1.56,1.4733,1.5099
419,2016-12-07,1.5245,1.57,1.46,1.56
418,2016-12-06,1.5424,1.6,1.51,1.5899
417,2016-12-05,1.62,1.64,1.5572,1.57
416,2016-12-02,1.53,1.67,1.46,1.6
415,2016-12-01,1.5,1.65,1.48,1.53
414,2016-11-30,1.5,1.57,1.5,1.54
413,2016-11-29,1.41,1.49,1.41,1.48
412,2016-11-28,1.47,1.58,1.43,1.45
411,2016-11-25,1.46,1.52,1.42,1.5099
410,2016-11-23,1.48,1.52,1.4,1.45
409,2016-11-22,1.49,1.5799,1.45,1.4999
408,2016-11-21,1.57,1.62,1.4601,1.4799
407,2016-11-18,1.6,1.61,1.53,1.5699
406,2016-11-17,1.57,1.65,1.5201,1.6
405,2016-11-16,1.52,1.5899,1.52,1.57
404,2016-11-15,1.58,1.58,1.5301,1.57
403,2016-11-14,1.53,1.58,1.5023,1.58
402,2016-11-11,1.47,1.59,1.46,1.5116
401,2016-11-10,1.5,1.53,1.4,1.49
400,2016-11-09,1.4,1.5492,1.4,1.5
399,2016-11-08,1.43,1.48,1.37,1.4
398,2016-11-07,1.45,1.4799,1.37,1.44
397,2016-11-04,1.43,1.43,1.3,1.4
396,2016-11-03,1.5,1.59,1.39,1.43
395,2016-11-02,1.53,1.54,1.49,1.5199
394,2016-11-01,1.5,1.58,1.48,1.5199
393,2016-10-31,1.532,1.532,1.46,1.5001
392,2016-10-28,1.55,1.58,1.52,1.52
391,2016-10-27,1.59,1.63,1.53,1.53
390,2016-10-26,1.65,1.68,1.58,1.59
389,2016-10-25,1.61,1.76,1.5807,1.64
388,2016-10-24,1.62,1.63,1.59,1.5999
387,2016-10-21,1.6332,1.66,1.5858,1.62
386,2016-10-20,1.62,1.65,1.58,1.6192
385,2016-10-19,1.63,1.65,1.58,1.61
384,2016-10-18,1.629,1.69,1.57,1.59
383,2016-10-17,1.65,1.66,1.6125,1.64
382,2016-10-14,1.66,1.7,1.64,1.66
381,2016-10-13,1.69,1.72,1.635,1.64
380,2016-10-12,1.81,1.81,1.69,1.7199
379,2016-10-11,1.78,1.83,1.69,1.71
378,2016-10-10,1.76,1.83,1.7221,1.79
377,2016-10-07,1.7397,1.8,1.73,1.76
376,2016-10-06,1.86,1.86,1.7,1.71
375,2016-10-05,1.85,1.91,1.82,1.9
374,2016-10-04,1.97,1.99,1.83,1.8599
373,2016-10-03,1.85,2.021,1.79,1.9599
372,2016-09-30,1.742,1.85,1.68,1.8275
371,2016-09-29,1.65,1.7256,1.61,1.68
370,2016-09-28,1.7,1.75,1.61,1.64
369,2016-09-27,1.8,1.85,1.66,1.71
368,2016-09-26,1.69,1.7198,1.66,1.68
367,2016-09-23,1.69,1.72,1.63,1.69
366,2016-09-22,1.61,1.73,1.59,1.67
365,2016-09-21,1.5954,1.61,1.59,1.59
364,2016-09-20,1.6,1.64,1.58,1.59
363,2016-09-19,1.57,1.6,1.57,1.58
362,2016-09-16,1.57,1.62,1.55,1.55
361,2016-09-15,1.5501,1.63,1.54,1.5699
360,2016-09-14,1.64,1.64,1.52,1.57
359,2016-09-13,1.58,1.65,1.54,1.55
358,2016-09-12,1.5801,1.63,1.5801,1.6
357,2016-09-09,1.61,1.64,1.58,1.6
356,2016-09-08,1.59,1.65,1.59,1.63
355,2016-09-07,1.62,1.67,1.58,1.5999
354,2016-09-06,1.61,1.63,1.59,1.6099
353,2016-09-02,1.63,1.65,1.6,1.61
352,2016-09-01,1.6,1.67,1.6,1.61
351,2016-08-31,1.5914,1.62,1.59,1.6
350,2016-08-30,1.6104,1.629,1.58,1.6
349,2016-08-29,1.6,1.61,1.58,1.6
348,2016-08-26,1.62,1.65,1.588,1.61
347,2016-08-25,1.61,1.64,1.59,1.62
346,2016-08-24,1.64,1.69,1.59,1.61
345,2016-08-23,1.65,1.7499,1.6301,1.66
344,2016-08-22,1.62,1.66,1.62,1.66
343,2016-08-19,1.62,1.6982,1.62,1.63
342,2016-08-18,1.65,1.71,1.62,1.63
341,2016-08-17,1.71,1.76,1.64,1.66
340,2016-08-16,1.75,1.75,1.72,1.72
339,2016-08-15,1.75,1.76,1.7,1.73
338,2016-08-12,1.7,1.75,1.7,1.74
337,2016-08-11,1.75,1.78,1.63,1.69
336,2016-08-10,1.68,1.74,1.65,1.71
335,2016-08-09,1.67,1.72,1.65,1.69
334,2016-08-08,1.68,1.7438,1.65,1.66
333,2016-08-05,1.72,1.77,1.68,1.68
332,2016-08-04,1.73,1.76,1.7,1.7
331,2016-08-03,1.72,1.8,1.71,1.73
330,2016-08-02,1.78,1.78,1.7,1.73
329,2016-08-01,1.76,1.82,1.75,1.77
328,2016-07-29,1.71,1.82,1.66,1.76
327,2016-07-28,1.69,1.76,1.65,1.72
326,2016-07-27,1.7,1.73,1.7,1.7
325,2016-07-26,1.71,1.76,1.67,1.7
324,2016-07-25,1.74,1.75,1.67,1.73
323,2016-07-22,1.65,1.73,1.65,1.69
322,2016-07-21,1.63,1.75,1.63,1.68
321,2016-07-20,1.69,1.74,1.66,1.66
320,2016-07-19,1.7,1.76,1.62,1.69
319,2016-07-18,1.68,1.74,1.65,1.7
318,2016-07-15,1.72,1.7565,1.68,1.71
317,2016-07-14,1.75,1.76,1.69,1.73
316,2016-07-13,1.75,1.7799,1.64,1.73
315,2016-07-12,1.65,1.71,1.6,1.64
314,2016-07-11,1.65,1.7,1.59,1.65
313,2016-07-08,1.58,1.69,1.58,1.65
312,2016-07-07,1.66,1.66,1.55,1.56
311,2016-07-06,1.68,1.74,1.63,1.65
310,2016-07-05,1.66,1.7217,1.63,1.69
309,2016-07-01,1.6,1.74,1.6,1.69
308,2016-06-30,1.63,1.71,1.58,1.61
307,2016-06-29,1.63,1.749,1.5999,1.65
306,2016-06-28,1.6,1.7,1.59,1.68
305,2016-06-27,1.63,1.65,1.56,1.6
304,2016-06-24,1.58,1.66,1.53,1.66
303,2016-06-23,1.67,1.69,1.63,1.64
302,2016-06-22,1.65,1.79,1.65,1.67
301,2016-06-21,1.75,1.94,1.65,1.65
300,2016-06-20,1.71,1.82,1.71,1.75
299,2016-06-17,1.7,1.7,1.66,1.68
298,2016-06-16,1.69,1.72,1.6497,1.7
297,2016-06-15,1.67,1.71,1.64,1.7
296,2016-06-14,1.68,1.72,1.63,1.64
295,2016-06-13,1.66,1.76,1.63,1.69
294,2016-06-10,1.71,1.72,1.63,1.64
293,2016-06-09,1.82,1.82,1.73,1.74
292,2016-06-08,1.7701,1.85,1.75,1.84
291,2016-06-07,1.86,1.9,1.84,1.85
290,2016-06-06,1.91,1.99,1.85,1.87
289,2016-06-03,1.96,1.96,1.88,1.9
288,2016-06-02,1.91,1.95,1.88,1.95
287,2016-06-01,1.89,1.94,1.83,1.92
286,2016-05-31,1.8414,1.9227,1.8414,1.9
285,2016-05-27,1.78,1.85,1.78,1.83
284,2016-05-26,1.82,1.84,1.7801,1.81
283,2016-05-25,1.79,1.89,1.76,1.83
282,2016-05-24,1.72,1.84,1.7101,1.79
281,2016-05-23,1.72,1.74,1.6868,1.74
280,2016-05-20,1.77,1.86,1.64,1.74
279,2016-05-19,1.76,1.81,1.58,1.77
278,2016-05-18,1.69,1.8,1.65,1.72
277,2016-05-17,1.63,1.74,1.63,1.68
276,2016-05-16,1.68,1.71,1.6202,1.675
275,2016-05-13,1.68,1.71,1.66,1.67
274,2016-05-12,1.8354,1.8354,1.66,1.6992
273,2016-05-11,1.8185,1.91,1.76,1.8
272,2016-05-10,1.84,1.9001,1.78,1.8
271,2016-05-09,1.76,1.88,1.7356,1.842
270,2016-05-06,1.74,1.78,1.72,1.77
269,2016-05-05,1.74,1.81,1.71,1.73
268,2016-05-04,1.84,1.85,1.75,1.75
267,2016-05-03,1.89,1.93,1.86,1.86
266,2016-05-02,2.05,2.05,1.88,1.91
265,2016-04-29,2.0967,2.0967,2.0,2.01
264,2016-04-28,2.04,2.25,2.0,2.05
263,2016-04-27,2.19,2.1906,1.99,2.05
262,2016-04-26,2.24,2.24,2.1501,2.2
261,2016-04-25,2.25,2.3393,2.142,2.22
260,2016-04-22,2.19,2.33,2.19,2.27
259,2016-04-21,2.136,2.34,2.13,2.19
258,2016-04-20,2.07,2.15,2.0,2.1495
257,2016-04-19,2.28,2.3,2.05,2.1
256,2016-04-18,2.4,2.4615,2.29,2.32
255,2016-04-15,2.39,2.46,2.36,2.41
254,2016-04-14,2.32,2.42,2.2801,2.41
253,2016-04-13,2.35,2.3899,2.27,2.34
252,2016-04-12,2.29,2.34,2.2001,2.33
251,2016-04-11,2.31,2.35,2.2333,2.28
250,2016-04-08,2.43,2.43,2.31,2.35
249,2016-04-07,2.41,2.47,2.22,2.38
248,2016-04-06,2.27,2.435,2.213,2.39
247,2016-04-05,2.34,2.48,2.21,2.28
246,2016-04-04,2.15,2.37,2.1301,2.37
245,2016-04-01,1.9,2.2,1.8997,2.15
244,2016-03-31,1.87,1.95,1.86,1.9
243,2016-03-30,1.88,1.98,1.87,1.9
242,2016-03-29,1.93,1.93,1.82,1.88
241,2016-03-28,1.93,1.9489,1.86,1.92
240,2016-03-24,1.77,1.968,1.76,1.93
239,2016-03-23,2.1,2.1,1.75,1.76
238,2016-03-22,1.81,1.98,1.81,1.88
237,2016-03-21,1.62,1.9,1.62,1.82
236,2016-03-18,1.64,1.68,1.6,1.63
235,2016-03-17,1.82,1.82,1.56,1.64
234,2016-03-16,1.67,1.676,1.6,1.6211
233,2016-03-15,1.8,1.8,1.6301,1.68
232,2016-03-14,1.8233,1.8233,1.77,1.8
231,2016-03-11,1.85,1.85,1.75,1.77
230,2016-03-10,1.88,1.9,1.76,1.77
229,2016-03-09,1.88,1.94,1.8201,1.89
228,2016-03-08,1.91,2.06,1.86,1.87
227,2016-03-07,1.93,1.99,1.85,1.92
226,2016-03-04,1.8901,1.98,1.89,1.945
225,2016-03-03,1.9465,1.95,1.86,1.94
224,2016-03-02,1.86,1.95,1.8,1.9
223,2016-03-01,1.8,1.9,1.794,1.86
222,2016-02-29,1.75,1.964,1.73,1.78
221,2016-02-26,1.68,1.74,1.679,1.74
220,2016-02-25,1.68,1.75,1.64,1.66
219,2016-02-24,1.7,1.74,1.62,1.67
218,2016-02-23,1.68,1.75,1.67,1.75
217,2016-02-22,1.66,1.75,1.62,1.68
216,2016-02-19,1.672,1.68,1.63,1.64
215,2016-02-18,1.73,1.75,1.62,1.68
214,2016-02-17,1.61,1.74,1.61,1.7
213,2016-02-16,1.53,1.6492,1.51,1.59
212,2016-02-12,1.54,1.59,1.5,1.52
211,2016-02-11,1.5,1.62,1.5,1.51
210,2016-02-10,1.55,1.63,1.5,1.56
209,2016-02-09,1.56,1.56,1.5,1.53
208,2016-02-08,1.68,1.68,1.5,1.57
207,2016-02-05,1.71,1.71,1.61,1.7
206,2016-02-04,1.68,1.73,1.6,1.7
205,2016-02-03,1.72,1.75,1.6,1.7
204,2016-02-02,1.78,1.8,1.66,1.73
203,2016-02-01,1.8,1.82,1.69,1.82
202,2016-01-29,1.68,1.76,1.62,1.73
201,2016-01-28,1.55,1.93,1.43,1.659
200,2016-01-27,1.67,1.72,1.51,1.53
199,2016-01-26,1.62,1.7298,1.59,1.68
198,2016-01-25,1.6,1.728,1.6,1.63
197,2016-01-22,1.58,1.64,1.5,1.6
196,2016-01-21,1.59,1.62,1.55,1.56
195,2016-01-20,1.53,1.65,1.41,1.59
194,2016-01-19,1.7,1.7499,1.51,1.54
193,2016-01-15,1.41,1.63,1.31,1.62
192,2016-01-14,1.69,1.725,1.26,1.49
191,2016-01-13,1.86,1.92,1.68,1.71
190,2016-01-12,1.91,2.0,1.83,1.88
189,2016-01-11,2.05,2.05,1.85,1.92
188,2016-01-08,2.0,2.16,1.9,2.01
187,2016-01-07,2.1,2.143,2.0,2.0
186,2016-01-06,2.2,2.21,2.12,2.13
185,2016-01-05,2.29,2.34,2.21,2.23
184,2016-01-04,2.28,2.3499,2.22,2.29
183,2015-12-31,2.33,2.38,2.25,2.29
182,2015-12-30,2.35,2.4,2.25,2.28
181,2015-12-29,2.26,2.37,2.23,2.37
180,2015-12-28,2.28,2.3,2.25,2.25
179,2015-12-24,2.27,2.31,2.25,2.3
178,2015-12-23,2.3,2.35,2.29,2.3
177,2015-12-22,2.38,2.44,2.25,2.27
176,2015-12-21,2.46,2.49,2.31,2.36
175,2015-12-18,2.38,2.42,2.26,2.39
174,2015-12-17,2.4,2.43,2.2861,2.33
173,2015-12-16,2.33,2.44,2.27,2.33
172,2015-12-15,2.36,2.52,2.31,2.37
171,2015-12-14,2.5,2.5,2.22,2.34
170,2015-12-11,2.63,2.67,2.42,2.45
169,2015-12-10,2.72,2.84,2.57,2.63
168,2015-12-09,2.83,2.9,2.54,2.69
167,2015-12-08,2.25,3.08,2.12,2.79
166,2015-12-07,2.38,2.45,2.01,2.06
165,2015-12-04,2.29,2.4,2.2,2.35
164,2015-12-03,2.4,2.429,2.25,2.31
163,2015-12-02,2.5,2.5,2.35,2.42
162,2015-12-01,2.57,2.57,2.42,2.49
161,2015-11-30,2.6,2.68,2.35,2.51
160,2015-11-27,2.51,2.52,2.39,2.5
159,2015-11-25,2.34,2.5,2.3,2.48
158,2015-11-24,2.44,2.46,2.3,2.35
157,2015-11-23,2.19,2.39,2.15,2.36
156,2015-11-20,2.17,2.23,2.1,2.19
155,2015-11-19,2.25,2.3,2.12,2.13
154,2015-11-18,2.16,2.31,2.07,2.21
153,2015-11-17,2.01,2.14,1.95,2.11
152,2015-11-16,1.94,2.0378,1.86,2.0
151,2015-11-13,1.87,2.07,1.82,1.97
150,2015-11-12,1.95,2.045,1.83,1.87
149,2015-11-11,2.1,2.27,1.94,1.99
148,2015-11-10,1.98,2.07,1.89,1.97
147,2015-11-09,1.93,2.06,1.91,2.0
146,2015-11-06,1.91,1.93,1.82,1.93
145,2015-11-05,1.96,1.965,1.8,1.85
144,2015-11-04,1.97,1.97,1.77,1.88
143,2015-11-03,1.78,1.95,1.72,1.93
142,2015-11-02,1.61,1.79,1.57,1.79
141,2015-10-30,1.6991,1.6991,1.58,1.59
140,2015-10-29,1.61,1.7,1.59,1.64
139,2015-10-28,1.63,1.7,1.5394,1.5901
138,2015-10-27,1.65,1.7199,1.59,1.59
137,2015-10-26,1.66,1.66,1.58,1.58
136,2015-10-23,1.68,1.72,1.62,1.64
135,2015-10-22,1.76,1.77,1.65,1.65
134,2015-10-21,1.8,1.83,1.65,1.74
133,2015-10-20,1.91,1.95,1.8,1.8
132,2015-10-19,1.98,2.0,1.91,1.91
131,2015-10-16,1.94,2.0,1.9,2.0
130,2015-10-15,1.964,2.01,1.92,1.94
129,2015-10-14,1.9,1.99,1.9,1.91
128,2015-10-13,1.97,2.02,1.865,1.87
127,2015-10-12,1.95,2.0,1.93,1.97
126,2015-10-09,1.87,1.95,1.87,1.95
125,2015-10-08,1.91,1.97,1.82,1.86
124,2015-10-07,1.92,1.95,1.81,1.89
123,2015-10-06,1.98,1.99,1.87,1.9
122,2015-10-05,1.99,2.0395,1.95,1.9767
121,2015-10-02,1.95,2.05,1.95,1.9899
120,2015-10-01,1.85,1.95,1.78,1.92
119,2015-09-30,1.87,1.92,1.75,1.83
118,2015-09-29,1.89,1.99,1.744,1.82
117,2015-09-28,2.35,2.35,1.77,1.86
116,2015-09-25,2.57,2.57,2.3003,2.4
115,2015-09-24,2.48,2.5,2.38,2.5
114,2015-09-23,2.55,2.6,2.41,2.49
113,2015-09-22,2.71,2.74,2.45,2.56
112,2015-09-21,2.84,2.94,2.53,2.65
111,2015-09-18,2.53,2.6,2.49,2.6
110,2015-09-17,2.48,2.64,2.48,2.59
109,2015-09-16,2.5,2.59,2.38,2.49
108,2015-09-15,2.55,2.63,2.48,2.5
107,2015-09-14,2.6,2.66,2.36,2.47
106,2015-09-11,2.75,2.75,2.61,2.64
105,2015-09-10,2.6799,2.72,2.59,2.7
104,2015-09-09,2.72,2.77,2.63,2.66
103,2015-09-08,2.79,2.79,2.71,2.72
102,2015-09-04,2.67,2.77,2.67,2.75
101,2015-09-03,2.7,2.75,2.62,2.67
100,2015-09-02,2.81,2.83,2.65,2.7
99,2015-09-01,2.87,2.87,2.72,2.8
98,2015-08-31,2.85,2.88,2.75,2.7501
97,2015-08-28,2.9,2.96,2.8,2.88
96,2015-08-27,2.73,2.938,2.73,2.84
95,2015-08-26,2.75,2.75,2.62,2.73
94,2015-08-25,2.56,2.83,2.56,2.64
93,2015-08-24,2.5,2.9,2.42,2.53
92,2015-08-21,3.05,3.05,2.7,2.75
91,2015-08-20,3.2,3.21,3.02,3.06
90,2015-08-19,3.26,3.31,3.17,3.21
89,2015-08-18,3.18,3.48,3.07,3.25
88,2015-08-17,3.44,3.44,3.23,3.36
87,2015-08-14,3.25,3.56,3.0,3.49
86,2015-08-13,3.39,3.48,3.18,3.27
85,2015-08-12,3.31,3.3999,3.13,3.24
84,2015-08-11,3.2,3.329,3.04,3.11
83,2015-08-10,3.31,3.6,3.15,3.2
82,2015-08-07,3.58,3.58,3.25,3.37
81,2015-08-06,3.36,3.7,3.34,3.59
80,2015-08-05,3.23,3.58,3.15,3.38
79,2015-08-04,3.11,3.34,3.1,3.2
78,2015-08-03,3.13,3.229,2.88,3.17
77,2015-07-31,3.2,3.23,3.05,3.2
76,2015-07-30,3.1,3.1,2.96,3.06
75,2015-07-29,3.23,3.2799,3.01,3.07
74,2015-07-28,3.27,3.3,3.06,3.2
73,2015-07-27,3.1,3.5,3.08,3.19
72,2015-07-24,2.79,3.01,2.64,2.95
71,2015-07-23,2.9,3.09,2.79,2.79
70,2015-07-22,2.89,2.9,2.7,2.81
69,2015-07-21,2.72,2.89,2.66,2.7
68,2015-07-20,2.71,2.75,2.63,2.69
67,2015-07-17,2.75,2.75,2.68,2.72
66,2015-07-16,2.64,2.75,2.57,2.65
65,2015-07-15,2.64,2.75,2.55,2.55
64,2015-07-14,2.63,2.7,2.55,2.61
63,2015-07-13,2.66,2.66,2.5,2.58
62,2015-07-10,2.65,2.65,2.47,2.65
61,2015-07-09,2.57,2.57,2.48,2.51
60,2015-07-08,2.65,2.65,2.43,2.5
59,2015-07-07,2.58,2.65,2.5,2.65
58,2015-07-06,2.61,2.67,2.4,2.53
57,2015-07-02,2.74,2.75,2.55,2.75
56,2015-07-01,2.75,2.85,2.55,2.74
55,2015-06-30,2.75,2.75,2.6,2.75
54,2015-06-29,3.25,3.97,3.22,3.26
53,2015-06-26,3.6,4.4,3.25,3.26
52,2015-06-25,4.1,4.15,3.95,3.98
51,2015-06-24,4.24,4.39,4.15,4.15
50,2015-06-23,4.075,4.31,3.86,4.2
49,2015-06-22,3.9,4.2,3.72,4.0
48,2015-06-19,3.4,3.9,3.395,3.85
47,2015-06-18,3.94,4.0,3.3,3.4
46,2015-06-17,3.1,3.55,3.1,3.45
45,2015-06-16,3.18,3.29,3.05,3.12
44,2015-06-15,3.06,3.18,3.06,3.18
43,2015-06-12,3.21,3.21,3.21,3.21
42,2015-06-11,3.1,3.3,3.1,3.21
41,2015-06-10,3.08,3.09,3.08,3.09
40,2015-06-09,3.0,3.1,3.0,3.06
39,2015-06-08,3.01,3.12,3.0,3.085
38,2015-06-05,2.97,3.05,2.97,3.01
37,2015-06-04,2.86,2.98,2.86,2.97
36,2015-06-03,3.0,3.0,3.0,3.0
35,2015-06-02,3.0,3.0,3.0,3.0
34,2015-06-01,3.05,3.05,2.88,3.0
33,2015-05-29,3.15,3.15,3.1,3.1
32,2015-05-28,3.0,3.24,2.897,3.0
31,2015-05-27,3.15,3.15,2.91,3.0
30,2015-05-26,3.25,3.25,3.15,3.15
29,2015-05-22,3.25,3.25,3.1,3.1
28,2015-05-21,3.25,3.25,3.16,3.25
27,2015-05-20,3.126,3.25,3.12,3.2
26,2015-05-19,3.25,3.25,3.05,3.1
25,2015-05-18,2.98,3.0,2.98,3.0
24,2015-05-15,2.983,2.99,2.983,2.99
23,2015-05-14,2.92,3.47,2.92,2.92
22,2015-05-13,3.0,3.5,3.0,3.01
21,2015-05-12,3.0,4.25,2.8,2.8
20,2015-05-11,2.65,2.65,2.65,2.65
19,2015-05-08,2.65,2.65,2.65,2.65
18,2015-05-07,2.57,3.0,2.56,2.65
17,2015-05-06,2.7,2.8,2.7,2.8
16,2015-05-05,2.75,2.835,2.745,2.745
15,2015-05-04,2.8,2.8,2.8,2.8
14,2015-05-01,2.8,2.89,2.8,2.89
13,2015-04-30,3.0,3.0,3.0,3.0
12,2015-04-29,3.2,3.2,3.2,3.2
11,2015-04-28,2.8,2.96,2.8,2.96
10,2015-04-27,2.99,3.0,2.0,2.95
9,2015-04-24,2.99,2.99,2.99,2.99
8,2015-04-23,2.99,2.99,2.99,2.99
7,2015-04-22,3.26,3.26,2.51,2.99
6,2015-04-21,3.25,3.4,3.01,3.4
5,2015-04-20,3.75,3.75,3.5,3.5
4,2015-04-17,3.75,3.75,3.75,3.75
3,2015-04-16,3.8,3.8,3.735,3.735
2,2015-04-15,3.6,3.75,3.6,3.75
1,2015-04-14,3.73,3.73,3.5,3.5
0,2015-04-13,3.45,3.65,3.43,3.65
